HDI Rank,Country,1990,1991,1992,1993,1994,1995,1996,1997,1998,1999,2000,2001,2002,2003,2004,2005,2006,2007,2008,2009,2010,2011,2012,2013,2014,2015,2016,2017,1990,1991,1992,1993,1994,1995,1996,1997,1998,1999,2000,2001,2002,2003,2004,2005,2006,2007,2008,2009,2010,2011,2012,2013,2014,2015,2016,2017
1, Norway,"0,85","0,856","0,862","0,87","0,885","0,883","0,888","0,894","0,906","0,911","0,917","0,916","0,918","0,924","0,934","0,932","0,936","0,938","0,938","0,938","0,942","0,943","0,942","0,946","0,946","0,948","0,951","0,953",3,3,3,3,1,1,1,1,1,1,1,1,1,1,1,1,1,1,1,1,1,1,1,1,1,1,1,1
2, Switzerland,"0,832","0,834","0,836","0,841","0,844","0,848","0,854","0,864","0,873","0,881","0,889","0,891","0,891","0,896","0,901","0,905","0,912","0,915","0,917","0,927","0,932","0,932","0,935","0,938","0,939","0,942","0,943","0,944",5,5,5,5,9,9,8,6,5,5,4,4,4,4,3,3,2,2,3,2,2,2,2,2,2,2,2,2
3, Australia,"0,866","0,867","0,868","0,872","0,875","0,883","0,886","0,889","0,892","0,895","0,898","0,9","0,903","0,904","0,907","0,908","0,911","0,915","0,92","0,921","0,923","0,925","0,929","0,931","0,933","0,936","0,938","0,939",1,1,1,1,2,1,2,2,2,2,2,2,2,3,2,2,3,2,2,3,3,4,3,3,3,3,3,3
4, Ireland,"0,763","0,767","0,773","0,781","0,789","0,795","0,801","0,809","0,84","0,849","0,857","0,863","0,871","0,88","0,89","0,896","0,902","0,908","0,908","0,906","0,909","0,895","0,902","0,911","0,921","0,929","0,934","0,938",24,23,23,24,24,24,24,24,16,16,16,16,15,13,9,8,6,5,7,6,8,19,17,15,10,5,4,4
5, Germany,"0,801","0,809","0,814","0,824","0,829","0,834","0,839","0,844","0,85","0,855","0,868","0,877","0,883","0,889","0,897","0,903","0,911","0,915","0,917","0,917","0,921","0,926","0,928","0,928","0,93","0,933","0,934","0,936",12,12,12,11,11,12,12,12,11,12,9,7,6,7,5,4,3,2,3,4,4,3,4,5,4,4,4,5
6, Iceland,"0,802","0,815","0,818","0,818","0,823","0,826","0,831","0,84","0,849","0,853","0,86","0,866","0,875","0,881","0,885","0,889","0,891","0,897","0,89","0,89","0,891","0,901","0,909","0,92","0,925","0,927","0,933","0,935",11,10,11,12,14,14,14,14,12,13,14,14,12,12,14,13,13,12,17,17,19,16,11,8,7,8,6,6
7," Hong Kong, China (SAR)","0,781","0,786","0,791","0,799","0,804","0,808","0,811","0,816","0,817","0,821","0,827","0,835","0,842","0,851","0,862","0,871","0,883","0,887","0,896","0,898","0,901","0,904","0,911","0,915","0,923","0,927","0,93","0,933",19,21,21,18,19,19,20,20,22,22,23,23,22,21,20,20,17,18,14,15,16,13,10,10,9,8,8,7
7, Sweden,"0,816","0,818","0,821","0,84","0,849","0,856","0,863","0,874","0,888","0,893","0,897","0,9","0,902","0,908","0,896","0,899","0,902","0,905","0,901","0,899","0,905","0,906","0,908","0,912","0,92","0,929","0,932","0,933",8,9,10,6,6,6,5,4,3,3,3,2,3,2,6,6,6,6,10,9,10,11,12,12,11,5,7,7
9, Singapore,"0,718","0,729","0,74","0,751","0,763","0,773","0,782","0,793","0,798","0,809","0,819","0,822","0,83","0,838","0,845","0,868","0,871","0,878","0,883","0,884","0,909","0,914","0,92","0,923","0,928","0,929","0,93","0,932",38,34,32,32,31,30,29,28,28,26,26,27,26,26,26,22,22,22,20,19,8,8,7,6,5,5,8,9
10, Netherlands,"0,829","0,834","0,835","0,839","0,864","0,861","0,866","0,865","0,867","0,87","0,876","0,879","0,878","0,883","0,886","0,891","0,897","0,904","0,906","0,906","0,91","0,921","0,921","0,923","0,924","0,926","0,928","0,931",6,5,6,7,4,4,4,5,6,6,6,6,10,9,11,11,10,8,8,6,6,6,6,6,8,10,10,10
11, Denmark,"0,799","0,804","0,809","0,815","0,824","0,831","0,837","0,843","0,849","0,861","0,863","0,876","0,883","0,894","0,898","0,903","0,905","0,904","0,909","0,906","0,91","0,922","0,924","0,931","0,928","0,926","0,928","0,929",13,13,13,13,13,13,13,13,12,10,12,8,6,5,4,4,5,8,6,6,6,5,5,3,5,10,10,11
12, Canada,"0,849","0,853","0,856","0,854","0,859","0,861","0,863","0,862","0,861","0,864","0,867","0,872","0,877","0,882","0,887","0,892","0,895","0,897","0,899","0,899","0,902","0,905","0,908","0,911","0,918","0,92","0,922","0,926",4,4,4,4,5,4,5,7,9,9,10,11,11,10,10,10,12,12,11,9,15,12,12,15,13,12,12,12
13, United States,"0,86","0,861","0,867","0,871","0,875","0,877","0,879","0,881","0,884","0,885","0,885","0,887","0,889","0,893","0,895","0,898","0,901","0,905","0,91","0,91","0,914","0,917","0,918","0,916","0,918","0,92","0,922","0,924",2,2,2,2,2,3,3,3,4,4,5,5,5,6,7,7,8,6,5,5,5,7,8,9,13,12,12,13
14, United Kingdom,"0,775","0,788","0,801","0,814","0,827","0,839","0,844","0,849","0,855","0,861","0,867","0,871","0,874","0,878","0,886","0,891","0,889","0,892","0,896","0,899","0,905","0,899","0,898","0,915","0,919","0,918","0,92","0,922",21,17,16,14,12,11,11,10,10,10,10,12,13,14,11,11,16,16,14,9,10,17,19,10,12,14,14,14
15, Finland,"0,784","0,787","0,795","0,799","0,809","0,816","0,823","0,832","0,84","0,848","0,858","0,864","0,867","0,87","0,891","0,895","0,899","0,901","0,904","0,899","0,903","0,907","0,908","0,912","0,914","0,915","0,918","0,92",16,19,18,18,18,18,17,17,16,18,15,15,16,16,8,9,9,10,9,9,13,10,12,12,15,15,15,15
16, New Zealand,"0,818","0,82","0,825","0,836","0,845","0,851","0,854","0,86","0,863","0,865","0,869","0,873","0,881","0,884","0,886","0,888","0,891","0,894","0,894","0,898","0,899","0,902","0,905","0,907","0,91","0,914","0,915","0,917",7,8,7,9,7,8,8,9,8,8,8,10,8,8,11,15,13,14,16,15,17,15,15,18,17,16,16,16
17, Belgium,"0,806","0,81","0,825","0,839","0,845","0,852","0,857","0,862","0,866","0,868","0,873","0,876","0,879","0,882","0,885","0,889","0,896","0,899","0,899","0,899","0,903","0,904","0,905","0,908","0,909","0,913","0,915","0,916",10,11,7,7,7,7,7,7,7,7,7,8,9,10,14,13,11,11,11,9,13,13,15,17,18,17,16,17
17, Liechtenstein,,,,,,,,,,,"0,862","0,868","0,873","0,878","0,883","0,886","0,89","0,893","0,899","0,899","0,904","0,909","0,913","0,912","0,911","0,912","0,915","0,916",#ЗНАЧЕН!,#ЗНАЧЕН!,#ЗНАЧЕН!,#ЗНАЧЕН!,#ЗНАЧЕН!,#ЗНАЧЕН!,#ЗНАЧЕН!,#ЗНАЧЕН!,#ЗНАЧЕН!,#ЗНАЧЕН!,13,13,14,14,16,16,15,15,11,9,12,9,9,12,16,18,16,17
19, Japan,"0,816","0,821","0,824","0,829","0,835","0,84","0,845","0,848","0,847","0,85","0,855","0,859","0,862","0,865","0,869","0,873","0,877","0,88","0,881","0,88","0,885","0,89","0,895","0,899","0,903","0,905","0,907","0,909",8,7,9,10,10,10,10,11,14,14,17,18,19,17,18,18,19,21,21,22,22,22,20,19,19,19,19,19
20, Austria,"0,795","0,8","0,805","0,807","0,813","0,817","0,82","0,824","0,835","0,834","0,838","0,849","0,838","0,842","0,849","0,855","0,861","0,881","0,884","0,886","0,895","0,897","0,899","0,897","0,901","0,903","0,906","0,908",14,14,15,16,17,17,18,19,19,20,21,21,24,24,24,25,26,19,19,18,18,18,18,20,20,20,20,20
21, Luxembourg,"0,782","0,79","0,795","0,799","0,803","0,808","0,817","0,826","0,834","0,849","0,855","0,861","0,863","0,864","0,872","0,878","0,881","0,888","0,89","0,883","0,889","0,892","0,892","0,892","0,895","0,899","0,904","0,904",17,16,18,18,20,19,19,18,20,16,17,17,18,19,17,17,18,17,17,20,20,20,22,23,23,22,21,21
22, Israel,"0,792","0,8","0,807","0,812","0,818","0,823","0,828","0,835","0,843","0,85","0,853","0,857","0,865","0,865","0,868","0,872","0,872","0,881","0,88","0,882","0,887","0,892","0,893","0,895","0,899","0,901","0,902","0,903",15,14,14,15,15,16,16,15,15,14,19,19,17,17,19,19,21,19,22,21,21,20,21,21,21,21,22,22
22, Korea (Republic of),"0,728","0,739","0,746","0,756","0,767","0,778","0,789","0,8","0,797","0,808","0,817","0,824","0,832","0,839","0,847","0,855","0,862","0,869","0,874","0,869","0,884","0,888","0,89","0,893","0,896","0,898","0,9","0,903",36,30,30,30,29,28,26,25,29,27,28,26,25,25,25,25,24,25,25,25,23,23,23,22,22,23,23,22
24, France,"0,779","0,788","0,798","0,804","0,818","0,825","0,83","0,834","0,839","0,845","0,849","0,851","0,853","0,857","0,86","0,869","0,874","0,876","0,878","0,878","0,882","0,884","0,886","0,889","0,894","0,898","0,899","0,901",20,17,17,17,15,15,15,16,18,19,20,20,20,20,21,21,20,23,23,23,24,24,24,24,24,23,24,24
25, Slovenia,"0,767","0,765","0,766","0,769","0,775","0,782","0,788","0,796","0,805","0,819","0,825","0,835","0,843","0,85","0,857","0,861","0,869","0,873","0,878","0,878","0,882","0,884","0,877","0,885","0,887","0,889","0,894","0,896",23,24,25,26,26,27,28,27,25,23,24,23,21,22,22,23,23,24,23,23,24,24,25,25,25,25,25,25
26, Spain,"0,754","0,764","0,772","0,782","0,791","0,8","0,806","0,81","0,814","0,819","0,825","0,828","0,83","0,833","0,837","0,844","0,848","0,853","0,856","0,858","0,865","0,87","0,873","0,875","0,88","0,885","0,889","0,891",25,25,24,23,23,22,22,22,23,23,24,25,26,27,27,28,28,27,28,27,27,27,27,27,26,26,26,26
27, Czechia,"0,73","0,726","0,728","0,735","0,744","0,753","0,768","0,774","0,775","0,785","0,796","0,806","0,813","0,822","0,825","0,835","0,843","0,85","0,854","0,857","0,862","0,865","0,865","0,874","0,879","0,882","0,885","0,888",35,38,36,36,35,35,34,34,36,34,32,31,32,32,33,30,29,28,29,29,28,28,28,28,27,27,27,27
28, Italy,"0,769","0,774","0,78","0,786","0,794","0,8","0,806","0,814","0,819","0,824","0,83","0,837","0,842","0,847","0,852","0,857","0,862","0,866","0,868","0,868","0,87","0,875","0,874","0,876","0,874","0,876","0,878","0,88",22,22,22,22,22,22,22,21,21,21,22,22,22,23,23,24,24,26,26,26,26,26,26,26,28,28,28,28
29, Malta,"0,74","0,745","0,749","0,753","0,756","0,759","0,763","0,768","0,776","0,78","0,783","0,788","0,792","0,8","0,809","0,824","0,822","0,827","0,829","0,83","0,843","0,843","0,849","0,856","0,862","0,871","0,875","0,878",29,29,29,31,32,34,36,36,35,35,38,38,36,37,36,35,36,36,37,35,32,33,33,30,31,29,29,29
30, Estonia,"0,733","0,728","0,719","0,712","0,716","0,727","0,738","0,751","0,763","0,769","0,78","0,79","0,799","0,806","0,814","0,825","0,832","0,839","0,841","0,839","0,845","0,853","0,859","0,862","0,864","0,866","0,868","0,871",32,36,38,43,44,42,40,39,38,38,39,36,34,35,35,33,32,32,31,32,31,29,29,29,29,30,30,30
31, Greece,"0,753","0,763","0,764","0,762","0,766","0,768","0,772","0,777","0,787","0,789","0,796","0,806","0,818","0,825","0,835","0,845","0,851","0,849","0,857","0,858","0,856","0,852","0,854","0,856","0,864","0,866","0,868","0,87",27,26,26,29,30,31,31,32,30,31,32,31,29,29,28,27,27,29,27,27,29,31,30,30,29,30,30,31
32, Cyprus,"0,732","0,735","0,74","0,777","0,781","0,786","0,789","0,792","0,8","0,799","0,802","0,807","0,816","0,824","0,828","0,831","0,837","0,846","0,852","0,856","0,85","0,853","0,852","0,853","0,856","0,86","0,867","0,869",33,32,32,25,25,25,26,29,27,29,30,30,30,30,30,31,31,30,30,30,30,29,31,33,32,32,32,32
33, Poland,"0,712","0,711","0,714","0,725","0,734","0,74","0,748","0,759","0,769","0,778","0,785","0,791","0,799","0,804","0,802","0,808","0,814","0,819","0,824","0,828","0,835","0,839","0,836","0,85","0,842","0,855","0,86","0,865",42,43,42,37,37,39,38,37,37,37,36,35,34,36,37,38,38,38,38,37,35,35,38,36,40,34,34,33
34, United Arab Emirates,"0,727","0,738","0,742","0,748","0,756","0,764","0,771","0,778","0,785","0,791","0,798","0,803","0,808","0,813","0,818","0,825","0,83","0,835","0,838","0,835","0,836","0,841","0,846","0,851","0,855","0,86","0,862","0,863",37,31,31,33,32,32,33,31,31,30,31,33,33,34,34,33,33,33,33,33,34,34,35,35,33,32,33,34
35, Andorra,,,,,,,,,,,"0,759","0,767","0,78","0,82","0,826","0,819","0,829","0,829","0,831","0,83","0,828","0,827","0,849","0,85","0,853","0,854","0,856","0,858",#ЗНАЧЕН!,#ЗНАЧЕН!,#ЗНАЧЕН!,#ЗНАЧЕН!,#ЗНАЧЕН!,#ЗНАЧЕН!,#ЗНАЧЕН!,#ЗНАЧЕН!,#ЗНАЧЕН!,#ЗНАЧЕН!,44,44,42,33,31,36,34,35,35,35,37,39,33,36,34,35,35,35
35, Lithuania,"0,732","0,728","0,713","0,701","0,697","0,703","0,712","0,724","0,736","0,744","0,756","0,768","0,779","0,791","0,798","0,809","0,817","0,825","0,831","0,822","0,824","0,828","0,831","0,836","0,851","0,852","0,855","0,858",33,36,43,46,48,47,46,46,43,43,46,43,43,41,38,37,37,37,35,39,39,38,40,41,38,38,36,35
37, Qatar,"0,754","0,751","0,753","0,764","0,775","0,784","0,796","0,8","0,804","0,808","0,81","0,811","0,816","0,823","0,826","0,831","0,827","0,83","0,835","0,833","0,825","0,836","0,844","0,854","0,853","0,854","0,855","0,856",25,28,28,28,26,26,25,25,26,27,29,29,30,31,31,31,35,34,34,34,38,37,36,32,34,35,36,37
38, Slovakia,"0,739","0,734","0,733","0,737","0,743","0,751","0,754","0,757","0,763","0,762","0,764","0,764","0,771","0,777","0,785","0,794","0,803","0,814","0,822","0,824","0,829","0,837","0,842","0,844","0,845","0,851","0,853","0,855",30,33,34,35,36,36,37,38,38,40,43,46,44,44,44,42,41,40,39,38,36,36,37,38,39,40,39,38
39, Brunei Darussalam,"0,782","0,787","0,792","0,797","0,801","0,805","0,807","0,81","0,812","0,818","0,819","0,82","0,823","0,828","0,834","0,838","0,84","0,84","0,84","0,842","0,842","0,846","0,852","0,853","0,853","0,852","0,852","0,853",17,19,20,21,21,21,21,22,24,25,26,28,28,28,29,29,30,31,32,31,33,32,31,33,34,38,40,39
39, Saudi Arabia,"0,697","0,706","0,711","0,714","0,718","0,722","0,727","0,731","0,736","0,738","0,743","0,746","0,748","0,756","0,765","0,77","0,777","0,783","0,791","0,796","0,808","0,823","0,835","0,844","0,852","0,854","0,854","0,853",50,45,44,41,42,44,44,44,43,46,49,50,51,50,49,49,49,49,48,47,44,42,39,38,37,35,38,39
41, Latvia,"0,704","0,699","0,678","0,667","0,668","0,673","0,68","0,692","0,705","0,716","0,728","0,745","0,76","0,774","0,788","0,802","0,809","0,818","0,821","0,818","0,816","0,821","0,824","0,833","0,838","0,841","0,844","0,847",45,48,50,58,59,58,58,57,53,49,52,52,48,46,43,40,40,39,40,40,42,43,43,43,42,42,43,41
41, Portugal,"0,711","0,72","0,732","0,745","0,753","0,76","0,767","0,773","0,78","0,779","0,785","0,79","0,792","0,796","0,797","0,8","0,803","0,81","0,814","0,817","0,822","0,826","0,829","0,837","0,839","0,842","0,845","0,847",43,39,35,34,34,33,35,35,34,36,36,36,36,38,39,41,41,42,42,42,41,41,42,40,41,41,42,41
43, Bahrain,"0,746","0,752","0,757","0,765","0,769","0,775","0,778","0,779","0,783","0,786","0,792","0,792","0,791","0,793","0,792","0,791","0,793","0,796","0,796","0,794","0,796","0,798","0,8","0,807","0,81","0,832","0,846","0,846",28,27,27,27,28,29,30,30,32,32,34,34,38,39,41,43,43,44,45,48,48,47,50,48,48,45,41,43
44, Chile,"0,701","0,711","0,719","0,713","0,718","0,727","0,734","0,741","0,747","0,753","0,759","0,766","0,768","0,774","0,783","0,788","0,788","0,795","0,806","0,804","0,808","0,814","0,819","0,828","0,833","0,84","0,842","0,843",48,43,38,42,42,42,43,42,42,42,44,45,46,46,46,44,45,45,43,43,44,46,44,44,43,43,44,44
45, Hungary,"0,704","0,701",,"0,719","0,733","0,741","0,746","0,747","0,754","0,761","0,769","0,777","0,784","0,792","0,795","0,804","0,811","0,813","0,818","0,818","0,823","0,827","0,83","0,835","0,833","0,834","0,835","0,838",45,46,#ЗНАЧЕН!,40,38,38,39,40,40,41,42,41,40,40,40,39,39,41,41,40,40,39,41,42,43,44,45,45
46, Croatia,"0,67","0,665","0,664","0,666","0,68","0,696","0,709","0,719","0,731","0,739","0,75","0,759","0,766","0,771","0,778","0,783","0,793","0,8","0,803","0,802","0,808","0,815","0,816","0,821","0,824","0,827","0,828","0,831",57,57,56,59,54,49,47,47,47,45,48,47,47,48,48,46,43,43,44,44,44,45,46,45,45,46,46,46
47, Argentina,"0,704","0,713","0,72","0,725","0,728","0,731","0,738","0,746","0,753","0,764","0,771","0,776","0,769","0,775","0,78","0,782","0,787","0,792","0,795","0,799","0,813","0,819","0,818","0,82","0,82","0,822","0,822","0,825",45,42,37,37,39,40,40,41,41,39,41,42,45,45,47,48,48,46,46,45,43,44,45,46,46,47,47,47
48, Oman,,,,,,,,,,,"0,704","0,716","0,725","0,736","0,742","0,748","0,752","0,764","0,782","0,789","0,793","0,795","0,804","0,812","0,815","0,822","0,822","0,821",#ЗНАЧЕН!,#ЗНАЧЕН!,#ЗНАЧЕН!,#ЗНАЧЕН!,#ЗНАЧЕН!,#ЗНАЧЕН!,#ЗНАЧЕН!,#ЗНАЧЕН!,#ЗНАЧЕН!,#ЗНАЧЕН!,63,59,58,58,59,59,61,58,52,50,49,51,48,47,47,47,47,48
49, Russian Federation,"0,734","0,729","0,718","0,71","0,702","0,7","0,701","0,704","0,703","0,709","0,72","0,727","0,732","0,74","0,746","0,752","0,759","0,767","0,774","0,771","0,78","0,789","0,798","0,804","0,807","0,813","0,815","0,816",31,34,40,44,46,48,50,51,55,53,55,54,54,55,54,56,56,56,56,59,55,54,52,50,49,49,49,49
50, Montenegro,,,,,,,,,,,,,,"0,741","0,748","0,753","0,764","0,775","0,786","0,788","0,793","0,798","0,8","0,803","0,805","0,809","0,81","0,814",#ЗНАЧЕН!,#ЗНАЧЕН!,#ЗНАЧЕН!,#ЗНАЧЕН!,#ЗНАЧЕН!,#ЗНАЧЕН!,#ЗНАЧЕН!,#ЗНАЧЕН!,#ЗНАЧЕН!,#ЗНАЧЕН!,#ЗНАЧЕН!,#ЗНАЧЕН!,#ЗНАЧЕН!,54,53,55,53,53,51,51,49,47,50,52,52,50,50,50
51, Bulgaria,"0,694","0,691","0,691","0,69","0,691","0,696","0,702","0,704","0,709","0,708","0,712","0,722","0,729","0,738","0,745","0,75","0,756","0,764","0,771","0,774","0,779","0,782","0,786","0,792","0,797","0,807","0,81","0,813",51,50,49,49,49,49,49,51,50,54,59,56,55,56,57,58,58,58,59,57,56,56,57,57,56,51,50,51
52, Romania,"0,701","0,686","0,678","0,678","0,681","0,687","0,695","0,696","0,698","0,704","0,709","0,715","0,724","0,734","0,746","0,755","0,767","0,781","0,795","0,798","0,797","0,798","0,795","0,8","0,802","0,805","0,807","0,811",48,52,50,53,53,53,52,56,57,56,62,61,60,59,54,54,52,50,46,46,47,47,54,53,53,53,52,52
53, Belarus,,,,,,"0,657","0,661","0,667","0,671","0,676","0,683","0,689","0,696","0,705","0,715","0,725","0,741","0,757","0,774","0,784","0,792","0,798","0,803","0,804","0,807","0,805","0,805","0,808",#ЗНАЧЕН!,#ЗНАЧЕН!,#ЗНАЧЕН!,#ЗНАЧЕН!,#ЗНАЧЕН!,67,66,65,64,62,72,71,70,69,68,73,65,62,56,53,51,47,49,50,49,53,54,53
54, Bahamas,,,,,,,,,,,"0,776","0,779","0,781","0,782","0,784","0,786","0,788","0,789","0,79","0,787","0,789","0,793","0,807","0,807","0,807","0,807","0,806","0,807",#ЗНАЧЕН!,#ЗНАЧЕН!,#ЗНАЧЕН!,#ЗНАЧЕН!,#ЗНАЧЕН!,#ЗНАЧЕН!,#ЗНАЧЕН!,#ЗНАЧЕН!,#ЗНАЧЕН!,#ЗНАЧЕН!,40,40,41,43,45,45,45,47,49,52,53,53,47,48,49,51,53,54
55, Uruguay,"0,692","0,697","0,7","0,703","0,709","0,711","0,717","0,727","0,735","0,737","0,742","0,746","0,747","0,75","0,754","0,756","0,761","0,762","0,766","0,778","0,773","0,782","0,79","0,797","0,801","0,8","0,802","0,804",52,49,46,45,45,45,45,45,46,47,51,50,52,52,52,53,55,60,60,56,59,56,56,54,54,56,56,55
56, Kuwait,"0,713","0,673","0,666","0,695","0,721","0,747","0,772","0,775","0,781","0,786","0,786","0,786","0,788","0,791","0,789","0,783","0,788","0,788","0,789","0,79","0,792","0,794","0,796","0,795","0,799","0,802","0,804","0,803",41,54,55,47,41,37,31,33,33,32,35,39,39,41,42,46,45,48,50,49,51,52,53,56,55,55,55,56
57, Malaysia,"0,643","0,652","0,66","0,668","0,675","0,683","0,695","0,706","0,71","0,716","0,725","0,723","0,725","0,731","0,734","0,731","0,737","0,75","0,761","0,765","0,772","0,778","0,781","0,785","0,79","0,795","0,799","0,802",65,62,58,57,56,56,52,49,49,49,54,55,58,60,62,65,66,66,62,62,60,58,58,59,59,59,57,57
58, Barbados,"0,716","0,718","0,718","0,721","0,727","0,731","0,735","0,74","0,736","0,743","0,752","0,751","0,754","0,759","0,762","0,767","0,772","0,777","0,781","0,783","0,782","0,787","0,795","0,796","0,796","0,797","0,799","0,8",40,40,40,39,40,40,42,43,43,44,47,48,49,49,50,50,50,52,53,54,54,55,54,55,57,57,57,58
58, Kazakhstan,"0,69","0,684",,"0,675","0,667","0,664","0,666","0,669","0,672","0,676","0,685","0,7","0,713","0,725","0,737","0,747","0,754","0,759","0,759","0,763","0,765","0,772","0,781","0,788","0,793","0,797","0,797","0,8",53,53,#ЗНАЧЕН!,55,62,62,62,62,62,62,69,66,64,63,60,60,59,61,63,63,63,62,58,58,58,57,60,58
60, Iran (Islamic Republic of),"0,577","0,594","0,608","0,62","0,629","0,64","0,647","0,653","0,659","0,664","0,67","0,678","0,683","0,689","0,691","0,695","0,731","0,736","0,741","0,747","0,755","0,766","0,781","0,784","0,788","0,789","0,796","0,798",89,83,77,76,75,75,74,74,74,73,83,79,81,81,87,87,70,72,71,70,68,65,58,60,60,62,61,60
60, Palau,,,,,,,,,,,"0,743","0,747","0,751","0,754","0,758","0,76","0,762","0,765","0,764","0,767","0,769","0,775","0,778","0,78","0,786","0,793","0,798","0,798",#ЗНАЧЕН!,#ЗНАЧЕН!,#ЗНАЧЕН!,#ЗНАЧЕН!,#ЗНАЧЕН!,#ЗНАЧЕН!,#ЗНАЧЕН!,#ЗНАЧЕН!,#ЗНАЧЕН!,#ЗНАЧЕН!,49,49,50,51,51,52,54,57,61,61,61,60,61,61,61,60,59,60
62, Seychelles,,,,,,,,,,,"0,718","0,714","0,716","0,717","0,715","0,73","0,72","0,741","0,741","0,741","0,747","0,741","0,77","0,779","0,786","0,791","0,793","0,797",#ЗНАЧЕН!,#ЗНАЧЕН!,#ЗНАЧЕН!,#ЗНАЧЕН!,#ЗНАЧЕН!,#ЗНАЧЕН!,#ЗНАЧЕН!,#ЗНАЧЕН!,#ЗНАЧЕН!,#ЗНАЧЕН!,57,62,63,66,68,67,77,70,71,72,72,77,66,62,61,61,62,62
63, Costa Rica,"0,656","0,661","0,67","0,677","0,682","0,687","0,691","0,697","0,703","0,707","0,711","0,714","0,717","0,721","0,725","0,728","0,734","0,742","0,75","0,752","0,754","0,76","0,772","0,776","0,78","0,788","0,791","0,794",59,59,54,54,52,53,55,54,55,55,60,62,62,64,65,69,68,69,68,69,70,68,64,64,65,63,63,63
64, Turkey,"0,579","0,583","0,589","0,597","0,599","0,607","0,615","0,624","0,635","0,643","0,655","0,662","0,672","0,679","0,685","0,69","0,701","0,708","0,71","0,718","0,734","0,753","0,76","0,771","0,778","0,783","0,787","0,791",86,87,81,81,83,83,83,82,82,79,89,88,89,89,90,96,89,89,91,88,81,71,72,68,67,64,65,64
65, Mauritius,"0,619","0,626","0,633","0,638","0,643","0,648","0,652","0,656","0,662","0,667","0,673","0,682","0,687","0,695","0,704","0,713","0,72","0,728","0,734","0,741","0,749","0,758","0,767","0,772","0,782","0,782","0,788","0,79",75,72,69,70,71,72,72,72,72,71,76,75,77,74,73,77,77,79,77,72,71,70,68,67,63,66,64,65
66, Panama,"0,66","0,665","0,673","0,68","0,684","0,688","0,694","0,7","0,708","0,713","0,719","0,722","0,728","0,73","0,735","0,739","0,744","0,751","0,755","0,756","0,758","0,764","0,771","0,776","0,781","0,781","0,785","0,789",58,57,52,52,51,52,54,53,51,51,56,56,56,61,61,63,64,64,66,65,66,66,65,64,64,67,66,66
67, Serbia,"0,718","0,715","0,702","0,685","0,689","0,695","0,699","0,705","0,708","0,704","0,711","0,716","0,72","0,726","0,734","0,742","0,747","0,751","0,757","0,759","0,759","0,769","0,768","0,771","0,775","0,78","0,785","0,787",38,41,45,50,50,51,51,50,51,56,60,59,61,62,62,62,63,64,64,64,64,64,67,68,69,68,66,67
68, Albania,"0,645","0,626","0,61","0,613","0,619","0,632","0,641","0,641","0,652","0,662","0,669","0,676","0,682","0,689","0,694","0,704","0,711","0,72","0,724","0,729","0,741","0,752","0,767","0,771","0,773","0,776","0,782","0,785",63,72,76,79,77,76,76,77,75,75,85,84,84,81,81,80,80,80,82,81,77,72,68,68,70,69,69,68
69, Trinidad and Tobago,"0,672","0,673","0,673","0,675","0,679","0,683","0,69","0,697","0,704","0,711","0,716","0,721","0,728","0,737","0,746","0,752","0,757","0,768","0,773","0,772","0,775","0,773","0,774","0,779","0,779","0,783","0,785","0,784",56,54,52,55,55,56,56,54,54,52,58,58,56,57,54,56,57,55,58,58,58,61,62,62,66,64,66,69
70, Antigua and Barbuda,,,,,,,,,,,,,,,,"0,766","0,772","0,778","0,777","0,77","0,766","0,762","0,765","0,768","0,77","0,775","0,778","0,78",#ЗНАЧЕН!,#ЗНАЧЕН!,#ЗНАЧЕН!,#ЗНАЧЕН!,#ЗНАЧЕН!,#ЗНАЧЕН!,#ЗНАЧЕН!,#ЗНАЧЕН!,#ЗНАЧЕН!,#ЗНАЧЕН!,#ЗНАЧЕН!,#ЗНАЧЕН!,#ЗНАЧЕН!,#ЗНАЧЕН!,#ЗНАЧЕН!,51,50,51,55,60,62,67,71,71,71,70,70,70
70, Georgia,,,,,,,,,,,"0,673","0,678","0,684","0,693","0,701","0,712","0,718","0,73","0,728","0,731","0,735","0,741","0,75","0,757","0,765","0,771","0,776","0,78",#ЗНАЧЕН!,#ЗНАЧЕН!,#ЗНАЧЕН!,#ЗНАЧЕН!,#ЗНАЧЕН!,#ЗНАЧЕН!,#ЗНАЧЕН!,#ЗНАЧЕН!,#ЗНАЧЕН!,#ЗНАЧЕН!,76,79,80,76,75,78,79,76,79,79,79,77,77,75,74,74,71,70
72, Saint Kitts and Nevis,,,,,,,,,,,,,,,,"0,727","0,73","0,733","0,738","0,74","0,745","0,751","0,756","0,763","0,77","0,773","0,774","0,778",#ЗНАЧЕН!,#ЗНАЧЕН!,#ЗНАЧЕН!,#ЗНАЧЕН!,#ЗНАЧЕН!,#ЗНАЧЕН!,#ЗНАЧЕН!,#ЗНАЧЕН!,#ЗНАЧЕН!,#ЗНАЧЕН!,#ЗНАЧЕН!,#ЗНАЧЕН!,#ЗНАЧЕН!,#ЗНАЧЕН!,#ЗНАЧЕН!,71,72,75,74,74,73,73,75,73,71,72,72,72
73, Cuba,"0,676","0,67","0,663","0,656","0,652","0,654","0,665","0,669","0,672","0,679","0,686","0,692","0,694","0,704","0,718","0,731","0,753","0,77","0,78","0,782","0,779","0,778","0,767","0,765","0,768","0,772","0,774","0,777",55,56,57,65,68,69,63,62,62,61,68,68,72,71,67,65,60,54,54,55,56,58,68,72,73,73,72,73
74, Mexico,"0,65","0,654","0,658","0,663","0,67","0,669","0,677","0,683","0,69","0,695","0,702","0,705","0,71","0,717","0,724","0,728","0,736","0,739","0,742","0,743","0,743","0,751","0,757","0,756","0,761","0,767","0,772","0,774",61,60,59,60,57,61,59,59,59,59,64,65,66,66,66,69,67,71,70,71,75,73,73,76,76,75,74,74
75, Grenada,,,,,,,,,,,,,"0,702","0,711","0,713","0,727","0,729","0,735","0,739","0,738","0,743","0,747","0,749","0,754","0,761","0,767","0,77","0,772",#ЗНАЧЕН!,#ЗНАЧЕН!,#ЗНАЧЕН!,#ЗНАЧЕН!,#ЗНАЧЕН!,#ЗНАЧЕН!,#ЗНАЧЕН!,#ЗНАЧЕН!,#ЗНАЧЕН!,#ЗНАЧЕН!,#ЗНАЧЕН!,#ЗНАЧЕН!,67,68,70,71,73,73,73,76,75,76,78,77,76,75,75,75
76, Sri Lanka,"0,625","0,63","0,635","0,637","0,646","0,65","0,655","0,662","0,668","0,676","0,685","0,691","0,697","0,705","0,711","0,718","0,724","0,73","0,738","0,74","0,745","0,751","0,757","0,759","0,763","0,766","0,768","0,77",71,69,67,71,69,70,71,70,67,62,69,69,69,69,71,74,75,76,74,74,73,73,73,74,75,77,76,76
77, Bosnia and Herzegovina,,,,,,,,,,,"0,672","0,677","0,683","0,688","0,694","0,7","0,706","0,712","0,719","0,72","0,713","0,721","0,739","0,747","0,754","0,755","0,766","0,768",#ЗНАЧЕН!,#ЗНАЧЕН!,#ЗНАЧЕН!,#ЗНАЧЕН!,#ЗНАЧЕН!,#ЗНАЧЕН!,#ЗНАЧЕН!,#ЗНАЧЕН!,#ЗНАЧЕН!,#ЗНАЧЕН!,80,81,81,84,81,82,84,84,84,85,95,91,84,81,79,80,77,77
78, Venezuela (Bolivarian Republic of),"0,634","0,644","0,651","0,653","0,654","0,658","0,66","0,664","0,667","0,67","0,672","0,68","0,688","0,687","0,7","0,714","0,727","0,744","0,753","0,753","0,759","0,771","0,774","0,776","0,778","0,775","0,766","0,761",69,66,63,67,67,66,68,66,68,68,80,77,76,85,76,76,74,67,67,68,64,63,62,64,67,70,77,78
79, Brazil,"0,611","0,615","0,622","0,63","0,64","0,648","0,656","0,664","0,67","0,676","0,684","0,691","0,698","0,695","0,698","0,7","0,702","0,705","0,716","0,718","0,727","0,731","0,736","0,748","0,752","0,757","0,758","0,759",79,79,72,72,72,72,70,66,66,62,71,69,68,74,78,82,88,91,87,88,87,84,86,80,80,79,79,79
80, Azerbaijan,,,,,,"0,612","0,612","0,617","0,626","0,633","0,64","0,648","0,657","0,666","0,674","0,679","0,704","0,709","0,719","0,736","0,74","0,741","0,745","0,752","0,758","0,758","0,757","0,757",#ЗНАЧЕН!,#ЗНАЧЕН!,#ЗНАЧЕН!,#ЗНАЧЕН!,#ЗНАЧЕН!,81,85,86,86,86,96,96,97,95,95,99,86,87,84,77,78,77,79,78,78,78,80,80
80, Lebanon,,,,,,,,,,,,,,,,"0,732","0,731","0,743","0,75","0,756","0,758","0,76","0,751","0,751","0,751","0,752","0,753","0,757",#ЗНАЧЕН!,#ЗНАЧЕН!,#ЗНАЧЕН!,#ЗНАЧЕН!,#ЗНАЧЕН!,#ЗНАЧЕН!,#ЗНАЧЕН!,#ЗНАЧЕН!,#ЗНАЧЕН!,#ЗНАЧЕН!,#ЗНАЧЕН!,#ЗНАЧЕН!,#ЗНАЧЕН!,#ЗНАЧЕН!,#ЗНАЧЕН!,64,70,68,68,65,66,68,76,79,81,82,82,80
80, The former Yugoslav Republic of Macedonia,,,,,,,,,,,"0,669","0,673","0,679","0,686","0,693","0,702","0,708","0,712","0,728","0,731","0,735","0,738","0,74","0,743","0,747","0,754","0,756","0,757",#ЗНАЧЕН!,#ЗНАЧЕН!,#ЗНАЧЕН!,#ЗНАЧЕН!,#ЗНАЧЕН!,#ЗНАЧЕН!,#ЗНАЧЕН!,#ЗНАЧЕН!,#ЗНАЧЕН!,#ЗНАЧЕН!,85,86,86,86,83,81,83,84,79,79,79,80,82,84,83,81,81,80
83, Armenia,"0,631","0,628","0,58","0,588","0,599","0,605","0,612","0,623","0,636","0,642","0,647","0,652","0,663","0,672","0,68","0,693","0,706","0,72","0,727","0,724","0,728","0,731","0,737","0,742","0,745","0,748","0,749","0,755",70,70,89,88,83,86,85,83,80,80,93,95,94,94,94,90,84,80,81,83,85,84,85,85,86,84,84,83
83, Thailand,"0,574","0,583","0,589","0,597","0,604","0,611","0,619","0,625","0,63","0,64","0,649","0,657","0,666","0,674","0,683","0,693","0,699","0,71","0,714","0,718","0,724","0,727","0,731","0,728","0,735","0,741","0,748","0,755",91,87,81,81,80,82,81,81,84,82,92,91,90,90,92,90,92,86,88,88,88,87,87,92,91,91,86,83
85, Algeria,"0,577","0,581","0,587","0,591","0,595","0,6","0,608","0,617","0,627","0,636","0,644","0,653","0,664","0,674","0,684","0,692","0,698","0,707","0,709","0,719","0,729","0,736","0,74","0,745","0,747","0,749","0,753","0,754",89,90,85,84,85,87,87,86,85,83,95,94,92,90,91,95,93,90,94,87,84,82,82,82,83,83,82,85
86, China,"0,502","0,51","0,521","0,531","0,541","0,55","0,559","0,568","0,576","0,585","0,594","0,602","0,611","0,623","0,635","0,647","0,661","0,675","0,685","0,694","0,706","0,714","0,722","0,729","0,738","0,743","0,748","0,752",102,102,100,100,100,101,101,100,99,99,110,109,109,106,107,109,103,103,102,101,99,98,93,90,88,87,86,86
86, Ecuador,"0,643","0,646","0,65","0,654","0,658","0,662","0,664","0,668","0,671","0,668","0,67","0,675","0,679","0,682","0,688","0,693","0,696","0,698","0,711","0,712","0,715","0,721","0,726","0,734","0,742","0,743","0,749","0,752",65,65,64,66,65,64,64,64,64,70,83,85,86,88,89,90,95,98,90,94,93,91,90,88,87,87,84,86
88, Ukraine,"0,705","0,701","0,692","0,681","0,668","0,664","0,661","0,663","0,665","0,667","0,671","0,681","0,689","0,699","0,706","0,715","0,721","0,729","0,733","0,727","0,733","0,738","0,743","0,745","0,748","0,743","0,746","0,751",44,46,47,51,59,62,66,69,70,71,82,76,73,73,72,75,76,78,78,82,82,80,80,82,82,87,90,88
89, Peru,"0,611","0,617","0,617","0,622","0,633","0,643","0,648","0,654","0,665","0,675","0,678","0,686","0,687","0,686","0,693","0,698","0,695","0,703","0,712","0,715","0,717","0,729","0,729","0,736","0,746","0,745","0,748","0,75",79,78,74,75,73,74,73,73,70,67,74,74,77,86,83,85,96,94,89,91,91,86,89,86,85,85,86,89
90, Colombia,"0,592","0,595","0,606","0,612","0,619","0,625","0,634","0,642","0,649","0,649","0,653","0,656","0,658","0,657","0,671","0,683","0,691","0,704","0,71","0,715","0,719","0,725","0,725","0,735","0,738","0,742","0,747","0,747",82,82,78,80,77,79,78,76,76,77,90,92,96,98,96,98,99,93,91,91,90,89,92,87,88,90,89,90
90, Saint Lucia,,,,,,,,,,,"0,69","0,687","0,689","0,692","0,695","0,7","0,711","0,713","0,719","0,724","0,731","0,734","0,73","0,733","0,737","0,744","0,745","0,747",#ЗНАЧЕН!,#ЗНАЧЕН!,#ЗНАЧЕН!,#ЗНАЧЕН!,#ЗНАЧЕН!,#ЗНАЧЕН!,#ЗНАЧЕН!,#ЗНАЧЕН!,#ЗНАЧЕН!,#ЗНАЧЕН!,67,72,73,77,80,82,80,83,84,83,83,83,88,89,90,86,91,90
92, Fiji,"0,643","0,651","0,655","0,659","0,666","0,673","0,676","0,675","0,676","0,681","0,683","0,687","0,689","0,691","0,699","0,695","0,698","0,702","0,703","0,707","0,711","0,717","0,719","0,727","0,73","0,738","0,738","0,741",65,63,62,63,63,58,60,60,60,60,72,72,73,80,77,87,93,95,97,97,98,94,97,93,93,92,93,92
92, Mongolia,"0,579","0,574","0,561","0,547","0,55","0,555","0,561","0,568","0,576","0,582","0,589","0,6","0,609","0,622","0,637","0,65","0,66","0,672","0,683","0,689","0,697","0,711","0,72","0,729","0,734","0,737","0,743","0,741",86,92,91,98,99,99,100,100,99,100,113,112,110,107,106,105,104,104,104,102,103,99,96,90,92,93,92,92
94, Dominican Republic,"0,598","0,603","0,612","0,618","0,623","0,629","0,635","0,641","0,646","0,651","0,657","0,66","0,664","0,666","0,668","0,675","0,682","0,691","0,695","0,696","0,703","0,706","0,71","0,713","0,718","0,729","0,733","0,736",81,81,75,77,76,78,77,77,77,76,88,90,92,95,99,101,100,100,100,100,100,101,102,101,99,96,95,94
95, Jordan,"0,617","0,627","0,648","0,659","0,67","0,684","0,686","0,689","0,693","0,697","0,702","0,708","0,713","0,719","0,726","0,729","0,732","0,735","0,736","0,734","0,728","0,726","0,726","0,727","0,73","0,733","0,735","0,735",78,71,65,63,57,55,57,58,58,58,64,64,64,65,64,68,69,73,76,78,85,88,90,93,93,94,94,95
95, Tunisia,"0,569","0,575","0,583","0,589","0,6","0,607","0,616","0,623","0,634","0,645","0,653","0,661","0,666","0,673","0,682","0,689","0,695","0,701","0,707","0,71","0,716","0,718","0,719","0,723","0,725","0,728","0,732","0,735",93,91,88,86,81,83,82,83,83,78,90,89,90,92,93,97,96,96,96,95,92,93,97,96,96,97,96,95
97, Jamaica,"0,638","0,639","0,645","0,653","0,655","0,657","0,66","0,661","0,662","0,664","0,662","0,673","0,677","0,673","0,691","0,695","0,7","0,705","0,708","0,709","0,712","0,715","0,721","0,726","0,728","0,73","0,732","0,732",68,68,66,67,66,67,68,71,72,73,87,86,88,92,87,87,90,91,95,96,96,97,94,95,95,95,96,97
98, Tonga,"0,648","0,654","0,656","0,66","0,668","0,671","0,671","0,671","0,674","0,676","0,673","0,677","0,683","0,692","0,693","0,693","0,695","0,698","0,702","0,706","0,712","0,716","0,717","0,716","0,717","0,721","0,724","0,726",62,60,61,62,59,60,61,61,61,62,76,81,81,77,83,90,96,98,98,98,96,96,100,99,101,99,98,98
99, Saint Vincent and the Grenadines,,,,,,,,,,,"0,673","0,677","0,682","0,689","0,692","0,697","0,704","0,709","0,71","0,713","0,715","0,717","0,718","0,721","0,72","0,72","0,721","0,723",#ЗНАЧЕН!,#ЗНАЧЕН!,#ЗНАЧЕН!,#ЗНАЧЕН!,#ЗНАЧЕН!,#ЗНАЧЕН!,#ЗНАЧЕН!,#ЗНАЧЕН!,#ЗНАЧЕН!,#ЗНАЧЕН!,76,81,84,81,86,86,86,87,91,93,93,94,99,97,98,101,99,99
100, Suriname,,,,,,,,,,,,,,,"0,671","0,676","0,681","0,687","0,691","0,677","0,703","0,706","0,711","0,715","0,718","0,722","0,719","0,72",#ЗНАЧЕН!,#ЗНАЧЕН!,#ЗНАЧЕН!,#ЗНАЧЕН!,#ЗНАЧЕН!,#ЗНАЧЕН!,#ЗНАЧЕН!,#ЗНАЧЕН!,#ЗНАЧЕН!,#ЗНАЧЕН!,#ЗНАЧЕН!,#ЗНАЧЕН!,#ЗНАЧЕН!,#ЗНАЧЕН!,96,100,101,101,101,104,100,101,101,100,99,98,100,100
101, Botswana,"0,581","0,588","0,587","0,585","0,575","0,577","0,571","0,57","0,567","0,566","0,565","0,567","0,566","0,575","0,584","0,596","0,611","0,625","0,639","0,648","0,66","0,673","0,683","0,693","0,701","0,706","0,712","0,717",84,84,85,90,90,93,98,99,102,102,117,117,119,120,122,123,123,120,119,116,116,111,109,107,105,104,102,101
101, Maldives,,,,,,"0,539","0,553","0,568","0,58","0,595","0,606","0,61","0,615","0,63","0,635","0,631","0,643","0,651","0,66","0,66","0,671","0,682","0,688","0,696","0,705","0,71","0,712","0,717",#ЗНАЧЕН!,#ЗНАЧЕН!,#ЗНАЧЕН!,#ЗНАЧЕН!,#ЗНАЧЕН!,103,102,100,97,95,105,105,108,103,107,114,111,111,108,108,108,105,105,105,103,102,102,101
103, Dominica,,,,,,,,,,,"0,693","0,697","0,696","0,702","0,704","0,705","0,711","0,715","0,72","0,72","0,722","0,722","0,721","0,721","0,724","0,721","0,718","0,715",#ЗНАЧЕН!,#ЗНАЧЕН!,#ЗНАЧЕН!,#ЗНАЧЕН!,#ЗНАЧЕН!,#ЗНАЧЕН!,#ЗНАЧЕН!,#ЗНАЧЕН!,#ЗНАЧЕН!,#ЗНАЧЕН!,66,67,70,72,73,79,80,82,83,85,89,90,94,97,97,99,101,103
104, Samoa,"0,62","0,622","0,624","0,63","0,611","0,618","0,628","0,63","0,636","0,642","0,647","0,654","0,659","0,663","0,669","0,673","0,675","0,681","0,685","0,687","0,693","0,697","0,697","0,7","0,703","0,706","0,711","0,713",73,76,70,72,79,80,80,80,80,80,93,93,95,97,98,102,102,102,102,103,104,104,104,104,104,104,104,104
105, Uzbekistan,,,,,,,,,,,"0,595","0,602","0,609","0,614","0,621","0,628","0,634","0,646","0,653","0,659","0,666","0,674","0,683","0,69","0,695","0,698","0,703","0,71",#ЗНАЧЕН!,#ЗНАЧЕН!,#ЗНАЧЕН!,#ЗНАЧЕН!,#ЗНАЧЕН!,#ЗНАЧЕН!,#ЗНАЧЕН!,#ЗНАЧЕН!,#ЗНАЧЕН!,#ЗНАЧЕН!,109,109,110,111,114,116,116,114,112,110,111,110,109,110,109,108,107,105
106, Belize,"0,644","0,651","0,657","0,661","0,661","0,662","0,662","0,664","0,666","0,67","0,677","0,679","0,685","0,692","0,696","0,693","0,7","0,699","0,7","0,699","0,699","0,702","0,706","0,705","0,706","0,709","0,709","0,708",64,63,60,61,64,64,65,66,69,68,75,78,79,77,79,90,90,97,99,99,102,103,103,103,102,103,105,106
106, Marshall Islands,,,,,,,,,,,,,,,,,,,,,,,,,,,,"0,708",#ЗНАЧЕН!,#ЗНАЧЕН!,#ЗНАЧЕН!,#ЗНАЧЕН!,#ЗНАЧЕН!,#ЗНАЧЕН!,#ЗНАЧЕН!,#ЗНАЧЕН!,#ЗНАЧЕН!,#ЗНАЧЕН!,#ЗНАЧЕН!,#ЗНАЧЕН!,#ЗНАЧЕН!,#ЗНАЧЕН!,#ЗНАЧЕН!,#ЗНАЧЕН!,#ЗНАЧЕН!,#ЗНАЧЕН!,#ЗНАЧЕН!,#ЗНАЧЕН!,#ЗНАЧЕН!,#ЗНАЧЕН!,#ЗНАЧЕН!,#ЗНАЧЕН!,#ЗНАЧЕН!,#ЗНАЧЕН!,#ЗНАЧЕН!,106
108, Libya,"0,677","0,688","0,692","0,695","0,7","0,704","0,709","0,715","0,718","0,722","0,727","0,731","0,735","0,743","0,743","0,747","0,751","0,752","0,757","0,755","0,755","0,707","0,741","0,707","0,695","0,694","0,693","0,706",54,51,47,47,47,46,47,48,48,48,53,53,53,53,58,60,62,63,64,67,68,100,81,102,109,109,114,108
108, Turkmenistan,,,,,,,,,,,,,,,,,,,,,"0,673","0,68","0,686","0,692","0,697","0,701","0,705","0,706",#ЗНАЧЕН!,#ЗНАЧЕН!,#ЗНАЧЕН!,#ЗНАЧЕН!,#ЗНАЧЕН!,#ЗНАЧЕН!,#ЗНАЧЕН!,#ЗНАЧЕН!,#ЗНАЧЕН!,#ЗНАЧЕН!,#ЗНАЧЕН!,#ЗНАЧЕН!,#ЗНАЧЕН!,#ЗНАЧЕН!,#ЗНАЧЕН!,#ЗНАЧЕН!,#ЗНАЧЕН!,#ЗНАЧЕН!,#ЗНАЧЕН!,#ЗНАЧЕН!,106,106,107,109,107,107,106,108
110, Gabon,"0,62","0,625","0,624","0,626","0,63","0,632","0,634","0,637","0,64","0,636","0,633","0,636","0,639","0,641","0,641","0,647","0,647","0,652","0,653","0,661","0,665","0,67","0,678","0,687","0,693","0,694","0,698","0,702",73,75,70,74,74,76,78,79,78,83,97,97,99,99,104,109,110,110,112,107,112,112,112,111,111,109,109,110
110, Paraguay,"0,58","0,585","0,589","0,596","0,6","0,606","0,613","0,618","0,622","0,625","0,624","0,632","0,642","0,64","0,646","0,649","0,649","0,655","0,664","0,659","0,675","0,68","0,68","0,695","0,698","0,702","0,702","0,702",85,86,81,83,81,85,84,85,87,87,99,98,98,100,102,107,109,109,106,110,105,106,111,106,106,106,108,110
112, Moldova (Republic of),"0,651","0,64","0,62","0,618","0,595","0,594","0,591","0,593","0,593","0,595","0,597","0,607","0,617","0,63","0,64","0,648","0,656","0,661","0,666","0,662","0,67","0,677","0,684","0,693","0,696","0,693","0,697","0,7",60,67,73,77,85,89,89,91,92,95,108,107,104,103,105,108,107,106,105,106,110,108,108,107,108,111,110,112
113, Philippines,"0,586","0,587","0,589","0,591","0,595","0,598","0,606","0,611","0,615","0,62","0,624","0,628","0,633","0,637","0,647","0,65","0,651","0,657","0,661","0,659","0,665","0,67","0,677","0,685","0,689","0,693","0,696","0,699",83,85,81,84,85,88,88,88,88,88,99,99,100,101,101,105,108,107,107,110,112,112,113,112,112,111,111,113
113, South Africa,"0,618","0,626","0,635","0,641","0,645","0,649","0,647","0,644","0,639","0,634","0,63","0,61","0,617","0,615","0,613","0,614","0,616","0,621","0,633","0,642","0,649","0,657","0,664","0,675","0,685","0,692","0,696","0,699",76,72,67,69,70,71,74,75,79,85,98,105,104,110,116,120,120,121,120,120,118,118,118,116,113,113,111,113
115, Egypt,"0,546","0,55","0,557","0,562","0,569","0,576","0,584","0,591","0,592","0,605","0,611","0,616","0,62","0,622","0,628","0,634","0,642","0,65","0,658","0,66","0,665","0,668","0,675","0,68","0,683","0,691","0,694","0,696",94,94,92,93,92,95,92,92,93,90,102,101,102,107,110,112,113,112,111,108,112,115,114,114,114,114,113,115
116, Indonesia,"0,528","0,533","0,539","0,545","0,555","0,564","0,577","0,59","0,59","0,598","0,606","0,612","0,618","0,624","0,629","0,632","0,641","0,642","0,646","0,656","0,661","0,669","0,675","0,681","0,683","0,686","0,691","0,694",100,99,97,99,98,97,96,93,95,94,105,103,103,105,109,113,114,115,114,114,115,114,114,113,114,116,115,116
116, Viet Nam,"0,475","0,484","0,496","0,506","0,517","0,529","0,54","0,539","0,559","0,567","0,579","0,587","0,595","0,603","0,612","0,616","0,624","0,632","0,64","0,656","0,654","0,664","0,67","0,675","0,678","0,684","0,689","0,694",107,107,104,105,104,104,103,105,103,101,114,114,115,115,117,118,118,117,117,114,117,117,116,116,117,117,116,116
118, Bolivia (Plurinational State of),"0,536","0,543","0,55","0,557","0,564","0,571","0,578","0,58","0,591","0,6","0,608","0,611","0,617","0,621","0,622","0,624","0,63","0,631","0,64","0,647","0,649","0,655","0,662","0,668","0,675","0,681","0,689","0,693",96,95,93,96,95,96,95,96,94,92,103,104,104,109,113,117,117,118,117,118,118,120,119,119,118,118,116,118
119," Palestine, State of",,,,,,,,,,,,,,,"0,65","0,657","0,658","0,663","0,66","0,67","0,672","0,677","0,687","0,679","0,679","0,687","0,689","0,686",#ЗНАЧЕН!,#ЗНАЧЕН!,#ЗНАЧЕН!,#ЗНАЧЕН!,#ЗНАЧЕН!,#ЗНАЧЕН!,#ЗНАЧЕН!,#ЗНАЧЕН!,#ЗНАЧЕН!,#ЗНАЧЕН!,#ЗНАЧЕН!,#ЗНАЧЕН!,#ЗНАЧЕН!,#ЗНАЧЕН!,100,103,106,105,108,105,107,108,106,115,116,115,116,119
120, Iraq,"0,572","0,527","0,541","0,561","0,561","0,553","0,573","0,582","0,596","0,603","0,607","0,614","0,616","0,603","0,628","0,631","0,636","0,638","0,643","0,646","0,649","0,656","0,659","0,666","0,666","0,668","0,672","0,685",92,101,96,95,96,100,97,95,91,91,104,102,107,115,110,114,115,116,116,119,118,119,120,120,120,120,120,120
121, El Salvador,"0,529","0,534","0,546","0,557","0,567","0,577","0,585","0,595","0,604","0,607","0,615","0,62","0,628","0,635","0,643","0,651","0,659","0,656","0,659","0,659","0,671","0,666","0,67","0,671","0,67","0,674","0,679","0,674",99,98,95,96,94,93,91,89,89,89,101,100,101,102,103,104,105,108,110,110,108,116,116,118,119,119,119,121
122, Kyrgyzstan,"0,618","0,611","0,601","0,588","0,569","0,563","0,568","0,576","0,58","0,587","0,594","0,602","0,604","0,611","0,615","0,616","0,621","0,628","0,631","0,636","0,636","0,639","0,649","0,658","0,663","0,666","0,669","0,672",76,80,79,88,92,98,99,97,97,98,110,109,113,112,115,118,119,119,121,121,122,122,121,121,121,121,121,122
123, Morocco,"0,458","0,464","0,468","0,474","0,485","0,489","0,499","0,503","0,51","0,52","0,53","0,541","0,552","0,563","0,572","0,58","0,586","0,594","0,602","0,608","0,616","0,626","0,635","0,645","0,65","0,655","0,662","0,667",109,110,107,109,108,111,110,110,108,108,124,124,125,125,125,128,127,126,126,127,128,127,125,123,122,122,122,123
124, Nicaragua,"0,489","0,498","0,505","0,509","0,514","0,524","0,534","0,543","0,552","0,562","0,57","0,577","0,583","0,587","0,592","0,596","0,6","0,607","0,614","0,615","0,621","0,627","0,633","0,639","0,649","0,652","0,657","0,658",105,105,102,104,105,106,104,103,104,103,115,115,117,118,119,123,124,124,125,125,126,126,126,126,123,123,123,124
125, Cabo Verde,,,,,,,,,,,"0,57","0,575","0,585","0,589","0,592","0,598","0,613","0,619","0,625","0,626","0,629","0,635","0,636","0,642","0,644","0,647","0,652","0,654",#ЗНАЧЕН!,#ЗНАЧЕН!,#ЗНАЧЕН!,#ЗНАЧЕН!,#ЗНАЧЕН!,#ЗНАЧЕН!,#ЗНАЧЕН!,#ЗНАЧЕН!,#ЗНАЧЕН!,#ЗНАЧЕН!,115,116,116,117,119,122,122,122,122,122,125,125,124,125,126,125,124,125
125, Guyana,"0,538","0,533","0,548","0,562","0,572","0,578","0,589","0,594","0,597","0,6","0,604","0,607","0,609","0,605","0,611","0,614","0,614","0,618","0,621","0,624","0,63","0,639","0,642","0,645","0,648","0,651","0,652","0,654",95,99,94,93,91,92,90,90,90,92,107,107,110,114,118,120,121,123,123,123,124,122,122,123,124,124,124,125
127, Guatemala,"0,478","0,483","0,49","0,495","0,5","0,507","0,515","0,523","0,531","0,539","0,546","0,554","0,56","0,564","0,567","0,571","0,579","0,59","0,598","0,604","0,611","0,619","0,613","0,616","0,643","0,645","0,649","0,65",106,108,105,106,106,108,107,107,107,107,123,123,123,124,127,131,130,129,128,128,129,129,130,129,127,126,126,127
127, Tajikistan,"0,623","0,618","0,597","0,579","0,558","0,55","0,534","0,538","0,541","0,544","0,55","0,558","0,568","0,578","0,587","0,593","0,599","0,604","0,618","0,62","0,634","0,637","0,642","0,646","0,645","0,645","0,647","0,65",72,77,80,91,97,101,104,106,106,106,122,120,118,119,121,125,125,125,124,124,123,124,122,122,125,126,127,127
129, Namibia,"0,579","0,582","0,587","0,589","0,591","0,588","0,581","0,575","0,569","0,56","0,558","0,557","0,554","0,556","0,557","0,556","0,56","0,568","0,575","0,583","0,594","0,607","0,617","0,628","0,636","0,642","0,645","0,647",86,89,85,86,88,90,94,98,101,104,118,122,124,126,128,133,133,134,134,134,132,131,128,127,128,128,128,129
130, India,"0,427","0,432","0,438","0,445","0,452","0,46","0,467","0,473","0,48","0,488","0,493","0,498","0,504","0,517","0,526","0,535","0,545","0,556","0,564","0,57","0,581","0,591","0,6","0,607","0,618","0,627","0,636","0,64",113,114,111,113,113,115,114,114,112,110,127,127,128,129,130,134,134,135,135,135,135,134,131,132,129,130,129,130
131, Micronesia (Federated States of),,,,,,,,,,,"0,552","0,558","0,564","0,57","0,575","0,582","0,587","0,592","0,596","0,603","0,608","0,613","0,616","0,619","0,618","0,627","0,627","0,627",#ЗНАЧЕН!,#ЗНАЧЕН!,#ЗНАЧЕН!,#ЗНАЧЕН!,#ЗНАЧЕН!,#ЗНАЧЕН!,#ЗНАЧЕН!,#ЗНАЧЕН!,#ЗНАЧЕН!,#ЗНАЧЕН!,120,120,121,121,123,127,126,128,129,129,130,130,129,128,129,130,131,131
132, Timor-Leste,,,,,,,,,,,"0,507","0,513","0,523","0,525","0,519","0,496","0,536","0,581","0,599","0,61","0,619","0,624","0,599","0,614","0,61","0,63","0,631","0,625",#ЗНАЧЕН!,#ЗНАЧЕН!,#ЗНАЧЕН!,#ЗНАЧЕН!,#ЗНАЧЕН!,#ЗНАЧЕН!,#ЗНАЧЕН!,#ЗНАЧЕН!,#ЗНАЧЕН!,#ЗНАЧЕН!,126,126,127,128,131,142,135,133,127,126,127,128,132,130,132,129,130,132
133, Honduras,"0,506","0,509","0,513","0,521","0,524","0,529","0,534","0,541","0,546","0,549","0,554","0,559","0,563","0,568","0,574","0,58","0,586","0,593","0,59","0,591","0,596","0,598","0,597","0,6","0,603","0,609","0,614","0,617",101,103,101,103,101,104,104,104,105,105,119,119,122,123,124,128,127,127,130,130,131,132,134,133,133,134,132,133
134, Bhutan,,,,,,,,,,,,,,,,"0,51","0,521","0,535","0,543","0,554","0,566","0,575","0,585","0,589","0,599","0,603","0,609","0,612",#ЗНАЧЕН!,#ЗНАЧЕН!,#ЗНАЧЕН!,#ЗНАЧЕН!,#ЗНАЧЕН!,#ЗНАЧЕН!,#ЗНАЧЕН!,#ЗНАЧЕН!,#ЗНАЧЕН!,#ЗНАЧЕН!,#ЗНАЧЕН!,#ЗНАЧЕН!,#ЗНАЧЕН!,#ЗНАЧЕН!,#ЗНАЧЕН!,136,137,136,136,136,137,137,137,136,134,135,135,134
134, Kiribati,,,,,,,,,,,"0,552","0,567","0,566","0,57","0,568","0,585","0,58","0,582","0,585","0,584","0,59","0,59","0,598","0,609","0,616","0,621","0,61","0,612",#ЗНАЧЕН!,#ЗНАЧЕН!,#ЗНАЧЕН!,#ЗНАЧЕН!,#ЗНАЧЕН!,#ЗНАЧЕН!,#ЗНАЧЕН!,#ЗНАЧЕН!,#ЗНАЧЕН!,#ЗНАЧЕН!,120,117,119,121,126,126,129,131,133,133,134,135,133,131,131,132,134,134
136, Bangladesh,"0,387","0,394","0,402","0,409","0,417","0,425","0,433","0,442","0,451","0,46","0,468","0,477","0,483","0,49","0,497","0,505","0,513","0,52","0,523","0,535","0,545","0,557","0,567","0,575","0,583","0,592","0,597","0,608",121,121,118,119,117,119,118,118,118,117,132,131,132,132,135,139,139,140,141,141,141,141,142,140,139,139,138,136
137, Congo,"0,536","0,535","0,535","0,528","0,524","0,507","0,504","0,505","0,509","0,496","0,49","0,495","0,497","0,498","0,501","0,5","0,503","0,52","0,536","0,55","0,557","0,56","0,573","0,582","0,595","0,613","0,612","0,606",96,97,99,102,101,108,109,108,109,109,128,129,130,131,133,140,143,140,138,137,138,139,138,137,136,133,133,137
138, Vanuatu,,,,,,,,,,,,,,,,"0,572","0,579","0,582","0,589","0,59","0,591","0,592","0,592","0,597","0,598","0,599","0,6","0,603",#ЗНАЧЕН!,#ЗНАЧЕН!,#ЗНАЧЕН!,#ЗНАЧЕН!,#ЗНАЧЕН!,#ЗНАЧЕН!,#ЗНАЧЕН!,#ЗНАЧЕН!,#ЗНАЧЕН!,#ЗНАЧЕН!,#ЗНАЧЕН!,#ЗНАЧЕН!,#ЗНАЧЕН!,#ЗНАЧЕН!,#ЗНАЧЕН!,130,130,131,131,131,133,133,135,134,135,136,136,138
139, Lao People's Democratic Republic,"0,4","0,405","0,411","0,417","0,426","0,428","0,441","0,448","0,455","0,462","0,466","0,472","0,48","0,489","0,497","0,506","0,512","0,521","0,529","0,539","0,546","0,558","0,569","0,579","0,586","0,593","0,598","0,601",118,118,114,116,114,117,117,117,115,116,134,132,133,134,135,138,140,139,140,139,140,140,140,138,138,137,137,139
140, Ghana,"0,455","0,46","0,464","0,468","0,47","0,473","0,474","0,476","0,477","0,48","0,484","0,483","0,489","0,49","0,498","0,509","0,519","0,53","0,542","0,547","0,554","0,563","0,57","0,577","0,576","0,585","0,588","0,592",110,111,108,110,110,112,112,113,114,113,130,130,131,132,134,137,138,137,137,138,139,138,139,139,142,140,140,140
141, Equatorial Guinea,,,,,,,,,,,"0,516","0,532","0,525","0,539","0,53","0,567","0,578","0,585","0,586","0,589","0,581","0,584","0,589","0,59","0,59","0,593","0,593","0,591",#ЗНАЧЕН!,#ЗНАЧЕН!,#ЗНАЧЕН!,#ЗНАЧЕН!,#ЗНАЧЕН!,#ЗНАЧЕН!,#ЗНАЧЕН!,#ЗНАЧЕН!,#ЗНАЧЕН!,#ЗНАЧЕН!,125,125,126,127,129,132,132,130,132,132,135,136,136,135,137,137,139,141
142, Kenya,"0,468","0,466","0,463","0,458","0,457","0,456","0,455","0,453","0,452","0,451","0,451","0,456","0,456","0,468","0,48","0,49","0,505","0,514","0,523","0,533","0,543","0,552","0,559","0,566","0,572","0,578","0,585","0,59",108,109,109,112,112,116,116,116,117,118,136,137,140,138,138,143,141,142,141,142,143,143,144,144,143,144,143,142
143, Sao Tome and Principe,"0,453","0,455","0,458","0,462","0,466","0,469","0,474","0,477","0,481","0,486","0,49","0,496","0,499","0,505","0,51","0,517","0,526","0,53","0,53","0,538","0,542","0,548","0,551","0,56","0,567","0,58","0,584","0,589",111,112,110,111,111,113,112,112,111,111,128,128,129,130,132,135,136,137,139,140,144,145,146,145,144,143,144,143
144, Eswatini (Kingdom of),"0,536","0,537","0,536","0,531","0,524","0,52","0,513","0,504","0,492","0,483","0,471","0,464","0,455","0,454","0,465","0,48","0,496","0,507","0,517","0,527","0,538","0,55","0,561","0,572","0,58","0,584","0,586","0,588",96,96,98,100,101,107,108,109,110,112,131,133,142,147,147,146,146,145,144,144,145,144,143,142,140,141,141,144
144, Zambia,"0,401","0,402","0,403","0,409","0,408","0,412","0,416","0,419","0,42","0,426","0,432","0,44","0,449","0,46","0,469","0,48","0,492","0,503","0,517","0,533","0,544","0,556","0,569","0,574","0,58","0,583","0,586","0,588",117,120,117,119,122,125,127,127,127,126,145,146,145,143,143,146,147,147,144,142,142,142,140,141,140,142,141,144
146, Cambodia,"0,364","0,368","0,373","0,377","0,38","0,387","0,391","0,397","0,402","0,407","0,42","0,434","0,453","0,466","0,478","0,49","0,502","0,513","0,521","0,521","0,537","0,546","0,553","0,56","0,566","0,571","0,576","0,582",127,127,125,127,127,130,129,130,130,130,149,148,143,139,139,143,144,143,143,147,146,146,145,145,145,146,146,146
147, Angola,,,,,,,,,,"0,374","0,387","0,401","0,418","0,429","0,442","0,455","0,471","0,492","0,502","0,522","0,52","0,535","0,543","0,554","0,564","0,572","0,577","0,581",#ЗНАЧЕН!,#ЗНАЧЕН!,#ЗНАЧЕН!,#ЗНАЧЕН!,#ЗНАЧЕН!,#ЗНАЧЕН!,#ЗНАЧЕН!,#ЗНАЧЕН!,#ЗНАЧЕН!,139,156,154,153,153,154,157,156,150,150,145,150,148,149,148,146,145,145,147
148, Myanmar,"0,359","0,366","0,38","0,387","0,393","0,398","0,404","0,41","0,413","0,421","0,431","0,44","0,449","0,459","0,468","0,477","0,487","0,498","0,509","0,519","0,53","0,54","0,549","0,558","0,564","0,569","0,574","0,578",128,129,124,125,125,128,128,128,128,129,146,146,145,145,146,150,148,149,147,148,147,147,147,147,146,147,147,148
149, Nepal,"0,378","0,386","0,394","0,398","0,405","0,41","0,42","0,426","0,432","0,439","0,446","0,447","0,457","0,462","0,469","0,475","0,486","0,491","0,502","0,514","0,529","0,535","0,548","0,554","0,56","0,566","0,569","0,574",123,124,121,123,123,126,125,124,123,123,140,142,138,142,143,151,149,151,150,149,148,148,148,148,148,148,148,149
150, Pakistan,"0,404","0,409","0,414","0,418","0,423","0,428","0,433","0,437","0,441","0,445","0,45","0,457","0,465","0,473","0,487","0,5","0,505","0,513","0,515","0,522","0,526","0,53","0,535","0,538","0,548","0,551","0,56","0,562",116,115,113,115,115,117,118,119,119,120,137,136,134,135,137,140,141,143,146,145,149,150,150,151,150,149,149,150
151, Cameroon,"0,44","0,436","0,432","0,426","0,423","0,422","0,422","0,422","0,428","0,426","0,431","0,448","0,451","0,458","0,464","0,466","0,472","0,484","0,492","0,499","0,506","0,515","0,526","0,535","0,543","0,548","0,553","0,556",112,113,112,114,115,121,123,126,125,126,146,141,144,146,148,153,155,153,153,152,153,152,153,152,151,150,150,151
152, Solomon Islands,,,,,,,,,,"0,463","0,45","0,455","0,462","0,469","0,477","0,487","0,497","0,505","0,504","0,497","0,507","0,514","0,529","0,539","0,539","0,546","0,543","0,546",#ЗНАЧЕН!,#ЗНАЧЕН!,#ЗНАЧЕН!,#ЗНАЧЕН!,#ЗНАЧЕН!,#ЗНАЧЕН!,#ЗНАЧЕН!,#ЗНАЧЕН!,#ЗНАЧЕН!,115,137,139,135,136,140,145,145,146,148,153,152,153,152,150,152,151,151,152
153, Papua New Guinea,"0,38","0,388","0,398","0,41","0,417","0,425","0,432","0,435","0,441","0,445","0,449","0,456","0,462","0,469","0,472","0,479","0,484","0,499","0,503","0,51","0,52","0,529","0,53","0,534","0,536","0,542","0,543","0,544",122,122,120,118,117,119,120,120,119,120,139,137,135,136,141,148,150,148,149,150,150,151,151,153,153,152,151,153
154, Tanzania (United Republic of),"0,37","0,371","0,37","0,37","0,369","0,371","0,372","0,375","0,381","0,388","0,395","0,403","0,413","0,423","0,434","0,448","0,458","0,468","0,477","0,486","0,493","0,499","0,506","0,507","0,515","0,528","0,533","0,538",125,126,126,128,128,133,134,134,134,135,154,153,155,156,155,160,159,158,157,157,156,155,156,158,156,155,154,154
155, Syrian Arab Republic,,"0,562","0,568","0,571","0,576","0,579","0,583","0,587","0,59","0,589","0,59","0,597","0,6","0,61","0,623","0,635","0,643","0,649","0,646","0,648","0,644","0,642","0,631","0,572","0,55","0,538","0,536","0,536",#ЗНАЧЕН!,93,90,92,89,91,93,94,95,97,112,113,114,113,112,111,111,113,114,116,121,121,127,142,149,153,153,155
156, Zimbabwe,"0,491","0,494","0,481","0,476","0,473","0,467","0,466","0,459","0,453","0,448","0,44","0,442","0,435","0,428","0,428","0,43","0,435","0,442","0,439","0,45","0,467","0,478","0,505","0,516","0,525","0,529","0,532","0,535",104,106,106,108,109,114,115,115,116,119,144,144,149,154,160,165,165,165,167,166,166,164,157,155,154,154,155,156
157, Nigeria,,,,,,,,,,,,,,"0,443","0,462","0,465","0,475","0,479","0,485","0,49","0,484","0,494","0,512","0,519","0,524","0,527","0,53","0,532",#ЗНАЧЕН!,#ЗНАЧЕН!,#ЗНАЧЕН!,#ЗНАЧЕН!,#ЗНАЧЕН!,#ЗНАЧЕН!,#ЗНАЧЕН!,#ЗНАЧЕН!,#ЗНАЧЕН!,#ЗНАЧЕН!,#ЗНАЧЕН!,#ЗНАЧЕН!,#ЗНАЧЕН!,150,149,155,153,155,154,155,161,158,154,154,155,156,156,157
158, Rwanda,"0,25","0,227","0,213","0,209","0,199","0,234","0,262","0,288","0,302","0,32","0,335","0,345","0,361","0,374","0,391","0,408","0,429","0,445","0,455","0,47","0,485","0,493","0,5","0,503","0,509","0,51","0,52","0,524",139,141,138,142,142,145,145,143,142,144,161,161,163,163,166,169,166,164,164,161,160,159,160,161,159,160,157,158
159, Lesotho,"0,499","0,499","0,499","0,495","0,495","0,492","0,487","0,48","0,478","0,469","0,467","0,461","0,458","0,46","0,46","0,461","0,466","0,473","0,48","0,489","0,493","0,498","0,505","0,505","0,509","0,511","0,516","0,52",103,104,103,106,107,110,111,111,113,114,133,135,137,143,151,156,157,157,156,156,156,157,157,160,159,159,159,159
159, Mauritania,"0,374","0,379","0,387","0,399","0,411","0,418","0,428","0,427","0,435","0,441","0,442","0,442","0,449","0,451","0,461","0,466","0,475","0,476","0,476","0,484","0,487","0,49","0,499","0,508","0,514","0,514","0,516","0,52",124,125,122,122,120,122,121,122,121,122,142,144,145,148,150,153,153,156,158,158,158,160,161,157,157,157,159,159
161, Madagascar,,,,,,,,,,,"0,456","0,462","0,457","0,466","0,472","0,479","0,484","0,491","0,5","0,503","0,504","0,504","0,507","0,509","0,512","0,514","0,517","0,519",#ЗНАЧЕН!,#ЗНАЧЕН!,#ЗНАЧЕН!,#ЗНАЧЕН!,#ЗНАЧЕН!,#ЗНАЧЕН!,#ЗНАЧЕН!,#ЗНАЧЕН!,#ЗНАЧЕН!,#ЗНАЧЕН!,135,134,138,139,141,148,150,151,152,151,154,154,155,156,158,157,158,161
162, Uganda,"0,311","0,311","0,305","0,312","0,315","0,321","0,338","0,353","0,368","0,384","0,398","0,406","0,421","0,43","0,43","0,437","0,449","0,459","0,47","0,477","0,486","0,49","0,492","0,496","0,5","0,505","0,508","0,516",135,136,132,135,135,139,138,138,137,136,152,152,151,152,158,162,161,161,159,159,159,160,163,164,164,162,162,162
163, Benin,"0,348","0,354","0,358","0,365","0,368","0,373","0,377","0,381","0,385","0,391","0,398","0,41","0,419","0,426","0,434","0,44","0,447","0,455","0,462","0,468","0,473","0,479","0,489","0,5","0,505","0,508","0,512","0,515",130,130,128,130,129,132,132,133,133,134,152,150,152,155,155,161,162,162,163,163,163,163,164,162,161,161,161,163
164, Senegal,"0,367","0,367","0,368","0,367","0,366","0,368","0,369","0,37","0,373","0,375","0,38","0,395","0,4","0,407","0,415","0,422","0,427","0,436","0,445","0,449","0,456","0,467","0,476","0,481","0,486","0,492","0,499","0,505",126,128,127,129,130,134,135,135,135,138,159,157,156,158,161,166,167,167,165,167,168,168,168,167,168,168,165,164
165, Comoros,,,,,,,,,,,,,,,"0,449","0,455","0,461","0,466","0,47","0,476","0,482","0,487","0,493","0,499","0,501","0,502","0,502","0,503",#ЗНАЧЕН!,#ЗНАЧЕН!,#ЗНАЧЕН!,#ЗНАЧЕН!,#ЗНАЧЕН!,#ЗНАЧЕН!,#ЗНАЧЕН!,#ЗНАЧЕН!,#ЗНАЧЕН!,#ЗНАЧЕН!,#ЗНАЧЕН!,#ЗНАЧЕН!,#ЗНАЧЕН!,#ЗНАЧЕН!,153,157,158,159,159,160,162,162,162,163,163,163,163,165
165, Togo,"0,405","0,408","0,399","0,39","0,396","0,409","0,417","0,424","0,423","0,424","0,425","0,426","0,427","0,431","0,434","0,436","0,443","0,441","0,44","0,449","0,456","0,463","0,466","0,472","0,481","0,495","0,5","0,503",115,117,119,124,124,127,126,125,126,128,148,149,150,151,155,163,164,166,166,167,168,169,169,169,169,165,164,165
167, Sudan,"0,331","0,336","0,345","0,352","0,359","0,366","0,375","0,384","0,39","0,396","0,402","0,408","0,414","0,42","0,429","0,436","0,446","0,451","0,463","0,468","0,47","0,474","0,485","0,475","0,492","0,497","0,499","0,502",133,134,130,132,132,135,133,132,131,132,150,151,154,157,159,163,163,163,162,163,164,166,165,168,165,164,165,167
168, Afghanistan,,,,,,,,,,,,,"0,373","0,383","0,398","0,408","0,417","0,429","0,437","0,453","0,463","0,471","0,482","0,487","0,491","0,493","0,494","0,498",#ЗНАЧЕН!,#ЗНАЧЕН!,#ЗНАЧЕН!,#ЗНАЧЕН!,#ЗНАЧЕН!,#ЗНАЧЕН!,#ЗНАЧЕН!,#ЗНАЧЕН!,#ЗНАЧЕН!,#ЗНАЧЕН!,#ЗНАЧЕН!,#ЗНАЧЕН!,161,162,164,169,170,168,168,165,167,167,166,165,166,166,168,168
168, Haiti,"0,409","0,409","0,406","0,414","0,417","0,418","0,427","0,431","0,435","0,439","0,442","0,444","0,446","0,449","0,45","0,453","0,458","0,462","0,466","0,47","0,47","0,477","0,481","0,486","0,49","0,493","0,496","0,498",114,115,115,117,117,122,122,121,121,123,142,143,148,149,152,159,159,160,161,161,164,165,167,166,167,166,167,168
170, C�te d'Ivoire,"0,388","0,387","0,387","0,386","0,386","0,387","0,388","0,391","0,389","0,392","0,394","0,396","0,399","0,402","0,407","0,413","0,418","0,424","0,43","0,437","0,442","0,445","0,454","0,462","0,465","0,478","0,486","0,492",120,123,122,126,126,130,130,131,132,133,155,156,157,160,163,168,169,171,171,171,171,172,172,171,172,170,169,170
171, Malawi,"0,34","0,346","0,355","0,363","0,364","0,398","0,385","0,404","0,404","0,405","0,399","0,4","0,37","0,374","0,375","0,38","0,389","0,4","0,417","0,431","0,441","0,45","0,455","0,461","0,468","0,47","0,474","0,477",131,132,129,131,131,128,131,129,129,131,151,155,162,163,167,174,174,174,172,172,172,171,171,172,170,171,170,171
172, Djibouti,,,,,,"0,355","0,353","0,357","0,359","0,362","0,363","0,372","0,378","0,388","0,396","0,405","0,416","0,426","0,435","0,441","0,449","0,454","0,459","0,463","0,467","0,47","0,474","0,476",#ЗНАЧЕН!,#ЗНАЧЕН!,#ЗНАЧЕН!,#ЗНАЧЕН!,#ЗНАЧЕН!,136,137,137,138,140,160,160,159,161,165,172,171,170,169,169,170,170,170,170,171,171,170,172
173, Ethiopia,,,,,,,,,,,"0,283","0,298","0,306","0,31","0,325","0,346","0,362","0,378","0,394","0,401","0,412","0,423","0,43","0,438","0,445","0,451","0,457","0,463",#ЗНАЧЕН!,#ЗНАЧЕН!,#ЗНАЧЕН!,#ЗНАЧЕН!,#ЗНАЧЕН!,#ЗНАЧЕН!,#ЗНАЧЕН!,#ЗНАЧЕН!,#ЗНАЧЕН!,#ЗНАЧЕН!,171,170,172,173,174,180,180,178,177,176,177,175,175,175,174,174,173,173
174, Gambia,"0,333","0,337","0,342","0,346","0,349","0,353","0,36","0,364","0,371","0,378","0,385","0,393","0,397","0,403","0,412","0,416","0,421","0,427","0,435","0,438","0,441","0,44","0,445","0,453","0,454","0,457","0,457","0,46",132,133,131,133,133,137,136,136,136,137,158,158,158,159,162,167,168,169,169,170,172,173,173,173,173,173,173,174
175, Guinea,"0,276","0,28","0,283","0,287","0,291","0,295","0,299","0,307","0,314","0,322","0,329","0,336","0,345","0,336","0,361","0,371","0,38","0,39","0,396","0,399","0,404","0,418","0,428","0,435","0,44","0,443","0,449","0,459",137,138,135,138,138,142,141,140,140,143,163,162,164,167,169,176,176,176,176,177,180,176,176,176,176,177,177,175
176, Congo (Democratic Republic of the),"0,356","0,353",,"0,34","0,334","0,333","0,337","0,334","0,334","0,331","0,333","0,333","0,34","0,349","0,357","0,364","0,372","0,379","0,39","0,397","0,407","0,415","0,42","0,426","0,436","0,444","0,452","0,457",129,131,#ЗНАЧЕН!,134,134,138,139,139,139,142,162,163,165,165,170,177,177,177,178,179,178,180,178,178,177,176,176,176
177, Guinea-Bissau,,,,,,,,,,,,,,,,"0,396","0,404","0,409","0,415","0,421","0,426","0,435","0,437","0,44","0,445","0,449","0,453","0,455",#ЗНАЧЕН!,#ЗНАЧЕН!,#ЗНАЧЕН!,#ЗНАЧЕН!,#ЗНАЧЕН!,#ЗНАЧЕН!,#ЗНАЧЕН!,#ЗНАЧЕН!,#ЗНАЧЕН!,#ЗНАЧЕН!,#ЗНАЧЕН!,#ЗНАЧЕН!,#ЗНАЧЕН!,#ЗНАЧЕН!,#ЗНАЧЕН!,173,173,173,173,173,174,174,174,174,174,175,175,177
178, Yemen,"0,399","0,403","0,405","0,408","0,409","0,415","0,422","0,427","0,431","0,434","0,443","0,45","0,456","0,463","0,469","0,474","0,479","0,482","0,485","0,491","0,498","0,499","0,505","0,507","0,505","0,483","0,462","0,452",119,119,116,121,121,124,123,122,124,125,141,140,140,141,143,152,152,154,154,154,155,155,157,158,161,169,172,178
179, Eritrea,,,,,,,,,,,,,,,,"0,408","0,409","0,411","0,407","0,416","0,416","0,417","0,422","0,425","0,428","0,433","0,436","0,44",#ЗНАЧЕН!,#ЗНАЧЕН!,#ЗНАЧЕН!,#ЗНАЧЕН!,#ЗНАЧЕН!,#ЗНАЧЕН!,#ЗНАЧЕН!,#ЗНАЧЕН!,#ЗНАЧЕН!,#ЗНАЧЕН!,#ЗНАЧЕН!,#ЗНАЧЕН!,#ЗНАЧЕН!,#ЗНАЧЕН!,#ЗНАЧЕН!,169,172,172,174,174,175,177,177,179,179,178,178,179
180, Mozambique,"0,209","0,212","0,208","0,214","0,221","0,229","0,253","0,266","0,279","0,291","0,298","0,311","0,318","0,333","0,343","0,357","0,365","0,378","0,388","0,397","0,403","0,407","0,412","0,423","0,427","0,432","0,435","0,437",141,142,139,141,141,146,146,146,145,148,168,165,167,169,172,179,179,178,180,179,181,182,180,180,180,179,179,180
181, Liberia,,,,,,,,,,"0,35","0,387","0,377","0,374","0,335","0,373","0,378","0,383","0,394","0,399","0,404","0,407","0,417","0,42","0,429","0,431","0,432","0,432","0,435",#ЗНАЧЕН!,#ЗНАЧЕН!,#ЗНАЧЕН!,#ЗНАЧЕН!,#ЗНАЧЕН!,#ЗНАЧЕН!,#ЗНАЧЕН!,#ЗНАЧЕН!,#ЗНАЧЕН!,141,156,159,160,168,168,175,175,175,175,175,178,177,178,177,178,179,180,181
182, Mali,"0,231","0,238","0,243","0,249","0,256","0,262","0,271","0,281","0,291","0,302","0,308","0,321","0,33","0,343","0,352","0,363","0,372","0,367","0,39","0,398","0,403","0,408","0,408","0,408","0,414","0,418","0,421","0,427",140,140,137,140,140,144,143,144,144,146,165,164,166,166,171,178,177,180,178,178,181,181,181,183,183,181,181,182
183, Burkina Faso,,,,,,,,,,,"0,286","0,29","0,296","0,303","0,312","0,324","0,333","0,344","0,357","0,366","0,375","0,385","0,394","0,401","0,405","0,412","0,42","0,423",#ЗНАЧЕН!,#ЗНАЧЕН!,#ЗНАЧЕН!,#ЗНАЧЕН!,#ЗНАЧЕН!,#ЗНАЧЕН!,#ЗНАЧЕН!,#ЗНАЧЕН!,#ЗНАЧЕН!,#ЗНАЧЕН!,169,171,173,175,178,184,183,183,183,183,185,185,184,184,184,184,182,183
184, Sierra Leone,"0,275","0,267","0,264","0,269","0,271","0,274","0,269","0,268","0,272","0,276","0,284","0,299","0,315","0,325","0,334","0,342","0,35","0,363","0,373","0,381","0,385","0,392","0,407","0,419","0,423","0,413","0,413","0,419",138,139,136,139,139,143,144,145,146,149,170,169,168,170,173,181,181,181,181,182,184,184,183,181,181,183,184,184
185, Burundi,"0,297","0,3","0,297","0,299","0,298","0,296","0,294","0,296","0,3","0,3","0,303","0,302","0,31","0,316","0,324","0,33","0,35","0,361","0,372","0,387","0,395","0,403","0,408","0,414","0,421","0,418","0,418","0,417",136,137,134,136,137,141,142,142,143,147,166,168,171,171,175,182,181,182,182,181,183,183,181,182,182,181,183,185
186, Chad,,,,,,,,,,,"0,299","0,306","0,311","0,309","0,323","0,33","0,332","0,342","0,348","0,363","0,371","0,382","0,391","0,397","0,403","0,407","0,405","0,404",#ЗНАЧЕН!,#ЗНАЧЕН!,#ЗНАЧЕН!,#ЗНАЧЕН!,#ЗНАЧЕН!,#ЗНАЧЕН!,#ЗНАЧЕН!,#ЗНАЧЕН!,#ЗНАЧЕН!,#ЗНАЧЕН!,167,167,170,174,176,182,184,184,184,184,186,186,185,185,185,185,185,186
187, South Sudan,,,,,,,,,,,,,,,,,,,,,"0,413","0,416","0,388","0,392","0,397","0,399","0,394","0,388",#ЗНАЧЕН!,#ЗНАЧЕН!,#ЗНАЧЕН!,#ЗНАЧЕН!,#ЗНАЧЕН!,#ЗНАЧЕН!,#ЗНАЧЕН!,#ЗНАЧЕН!,#ЗНАЧЕН!,#ЗНАЧЕН!,#ЗНАЧЕН!,#ЗНАЧЕН!,#ЗНАЧЕН!,#ЗНАЧЕН!,#ЗНАЧЕН!,#ЗНАЧЕН!,#ЗНАЧЕН!,#ЗНАЧЕН!,#ЗНАЧЕН!,#ЗНАЧЕН!,176,179,186,186,186,186,186,187
188, Central African Republic,"0,317","0,312","0,299","0,299","0,301","0,303","0,3","0,302","0,304","0,308","0,309","0,311","0,312","0,311","0,315","0,319","0,325","0,331","0,337","0,343","0,351","0,358","0,365","0,344","0,349","0,357","0,362","0,367",134,135,133,136,136,140,140,141,141,145,164,165,169,172,177,185,185,185,185,185,187,187,187,187,187,187,187,188
189, Niger,"0,21","0,214","0,216","0,22","0,224","0,229","0,235","0,238","0,246","0,25","0,252","0,258","0,263","0,266","0,274","0,283","0,289","0,294","0,303","0,308","0,318","0,325","0,336","0,34","0,345","0,347","0,351","0,354",141,142,138,141,141,146,#ЗНАЧЕН!,#ЗНАЧЕН!,#ЗНАЧЕН!,#ЗНАЧЕН!,#ЗНАЧЕН!,#ЗНАЧЕН!,#ЗНАЧЕН!,#ЗНАЧЕН!,#ЗНАЧЕН!,#ЗНАЧЕН!,#ЗНАЧЕН!,#ЗНАЧЕН!,#ЗНАЧЕН!,#ЗНАЧЕН!,#ЗНАЧЕН!,#ЗНАЧЕН!,#ЗНАЧЕН!,#ЗНАЧЕН!,#ЗНАЧЕН!,#ЗНАЧЕН!,#ЗНАЧЕН!,#ЗНАЧЕН!
